date,year,Latitude,Longitude,band repeating,band unique,flag code,CHDSex,Wing,NaresTip,Culmen,TotalHead,TarsusDiagonal,mass,trnsmtr? ,breeding.site,site.sex,stable isotope,DNA,Hg,Photos,Notes,Dark green flags with white codes
43221,2018,,,1372,01180,3NX,F,171,27.6,37.3,67.8,34.9,152,,A,AF,Y,Y,Y,Y,,
43225,2018,,,1372,01256,3TL,F,179,30.3,40,68.9,32.8,136,,A,AF,Y,Y,Y,Y,,
43225,2018,,,1372,01257,3TM,F,176,31.4,41.2,72.7,34.3,144,,A,AF,Y,Y,Y,Y,,
42865,2017,46.951625,-124.043541,1372,01378,2UU,F,180,28.1,38.2,,,151,yes,A,AF,,,,,,
42865,2017,46.951625,-124.043541,1372,01209,2XC,F,176,24.8,35.8,,,139,yes,A,AF,,,,,,
43221,2018,,,1372,01177,3NP,M,165,25.5,35.6,63.2,32.7,135,,A,AM,Y,Y,Y,Y,,
43221,2018,,,1372,01179,3NV,M,170,26.1,36.6,65.5,33.6,153,,A,AM,Y,Y,Y,Y,,
43221,2018,,,1372,01181,3NY,M,172,26,35.8,64.7,34.8,127,,A,AM,Y,Y,Y,Y,,
43221,2018,,,1372,01182,3PA,M,167,27.7,39.2,68,35,124,,A,AM,Y,Y,Y,Y,,
43221,2018,,,1372,01185,3PH,M,167,26.6,37.7,65.4,33.1,137,,A,AM,Y,Y,Y,Y,,
43225,2018,,,1372,01261,3UC,M,174,27.3,36.7,66.4,34.6,141,,A,AM,Y,Y,Y,Y,,
43234,2018,,,1372,01270,3YH,M,168,24.3,34.4,63.2,33.5,133,,A,AM,,,,,,
42865,2017,46.951625,-124.043541,1372,01350,3JH,M,172,28,36.8,,,141,yes,A,AM,,,,,,
43234,2018,,,1372,01273,3YA,F,174,30.8,41.1,71.1,36.2,138,,W,WF,,,,,,
43234,2018,,,1372,01406,3YX,F,173,29.2,39.4,68.4,34.6,134,,W,WF,,,,,,
43234,2018,,,1372,01417,4AP,F,170,27.6,38,67.3,34.8,133,,W,WF,,,,,,
43234,2018,,,1372,01422,4AY,F,179,27.3,36.4,65.8,32.9,130,,W,WF,,,,,,
43234,2018,,,1372,01437,4CY,F,176,27.4,38.2,68.2,33.3,131,,W,WF,,,,,,
43234,2018,,,1372,01438,4EA,F,175,28.4,39.1,66.8,33.9,128,,W,WF,,,,,,
43234,2018,,,1372,01446,4EM,F,165,27.5,36.5,66.7,33.9,127,,W,WF,,,,,,
43234,2018,,,1372,01464,4HT,F,179,29.5,39.3,70.3,33.9,151,,W,WF,,,,,,
43234,2018,,,1372,01473,4JJ,F,176,32,41.9,72.9,35.6,122,,W,WF,,,,,,
43234,2018,,,1372,01607,4LN,F,,,,,,135,,W,WF,,,,,,
43234,2018,,,1372,01608,4LP,F,,,,,,148,,W,WF,,,,,,
42865,2017,46.951625,-124.043541,1372,01348,3JC,F,183,26.7,34.9,,,147,Yes,W,WF,,,,,,
42865,2017,46.951625,-124.043541,1372,01201,2YT,F,178,29.9,39.6,,,143,yes,W,WF,,,,,,
42865,2017,46.951625,-124.043541,1372,01232,3LX,F,176,27.9,38.4,,,127,yes,W,WF,,,,,,
42865,2017,46.951625,-124.043541,1372,01246,3MX,F,171,27.2,38.8,,,149,yes,W,WF,,,,,,
43234,2018,,,1372,01297,3VA,M,178,26,37,65.3,35.4,136,,W,WM,,,,,,
43234,2018,,,1372,01456,4HE,M,171,23.8,34.5,63.5,34.5,125,,W,WM,,,,,,
42865,2017,46.951625,-124.043541,1372,01319,3CP,M,168,26.7,37,,,127,Yes,W,WM,,,,,,
42865,2017,46.951625,-124.043541,1372,01342,3HP,M,182,28.1,36.1,,,127,Yes,W,WM,,,,,,
42865,2017,46.951625,-124.043541,1372,01359,3KA,M,172,28.3,37.6,,,135,yes,W,WM,,,,,,
42865,2017,46.951625,-124.043541,1372,01389,2VM,M,174,25.6,35.6,,,137,yes,W,WM,,,,,,
42865,2017,46.951625,-124.043541,1372,01214,2XV,M,168,26.1,36,,,127,yes,W,WM,,,,,,
42865,2017,46.951625,-124.043541,1372,01395,2VX,,180,26.9,38.1,,,135,yes,W,,,,,,,
43224,2018,,,1372,01187,3PK,F,172,27.2,36.2,65.9,35,173,,,,Y,Y,Y,Y,,
43224,2018,,,1372,01192,3PY,F,169,26.8,36.7,66.1,33.1,113,,,,Y,Y,Y,Y,,
43225,2018,,,1372,01194,3TE,F,173,28.8,37.9,67.4,35.6,120,,,,Y,Y,Y,Y,,
43225,2018,,,1372,01254,3TJ,F,179,29.3,38.4,68.9,34.5,126,,,,Y,Y,Y,Y,,
43225,2018,,,1372,01212,3TX,F,171,27.2,37.5,66.6,32.7,108,,,,Y,Y,Y,Y,Recap; banded in Mexico (yellow flag - 398); we attached metal band,
43225,2018,,,1372,01262,3UE,F,178,27.9,36.4,66,33.3,152,,,,Y,Y,Y,Y,,
43225,2018,,,1372,01265,3UK,F,179,29.2,37.7,67.8,34.1,131,,,,Y,Y,Y,Y,,
43225,2018,,,1372,01267,3UM,F,179,27.8,36.4,66.5,34.9,135,,,,Y,Y,Y,Y,,
43234,2018,,,1372,01296,3VC,F,170,25.5,34.1,63.6,32.4,123,,,,,,,,,
43234,2018,,,1372,01294,3VE,F,167,28.6,37.3,67.5,35.2,126,,,,,,,,,
43234,2018,,,1372,01293,3VJ,F,172,28.3,37.8,66,32.5,110,,,,,,,,,
43234,2018,,,1372,01288,3VX,F,170,28.6,37.2,68,33.9,121,,,,,,,,,
43234,2018,,,1372,01287,3VY,F,168,27.6,38.6,67.3,37.1,112,,,,,,,,,
43234,2018,,,1372,01285,3XC,F,172,28,38.1,66.9,34.4,110,,,,,,,,,
43234,2018,,,1372,01284,3XE,F,174,28.6,40,68.9,32.5,102,,,,,,,,,
43234,2018,,,1372,01276,3XV,F,171,26.6,37,65.2,33.3,101,,,,,,,,,
43234,2018,,,1372,01275,3XX,F,174,27.7,36.1,67,35.3,159,,,,,,,,,
43234,2018,,,1372,01401,3YL,F,169,31.4,40.6,70.2,34.6,108,,,,,,,,,
43234,2018,,,1372,01403,3YP,F,171,26,35.3,65.3,31.5,121,,,,,,,,,
43234,2018,,,1372,01407,3YY,F,174,282,38.8,69.3,34,120,,,,,,,,,
43234,2018,,,1372,01408,4AA,F,181,29.6,39,69.3,34.4,149,,,,,,,,,
43234,2018,,,1372,01431,4CN,F,168,26.9,36.6,65.7,33.3,112,,,,,,,,,
43234,2018,,,1372,01441,4EE,F,175,27.8,37,67.5,34,124,,,,,,,,band 01440 was lost,
43234,2018,,,1372,01445,4EL,F,176,27.2,35.4,65.2,34.3,119,,,,,,,,,
43234,2018,,,1372,01447,4EN,F,167,26.7,34.8,65.5,32.8,88,,,,,,,,,
43234,2018,,,1372,01450,4EU,F,177,28.6,37.6,67.2,36.1,131,,,,,,,,,
43234,2018,,,1372,01453,4EY,F,171,27,37.2,66.7,33.2,123,,,,,,,,,
43234,2018,,,1372,01465,4HU,F,177,28,36.2,66.8,31.6,121,,,,,,,,,
43234,2018,,,1372,01475,4JL,F,178,27.4,37.3,65.4,32.4,111,,,,,,,,,
43234,2018,,,1372,01476,4JM,F,178,29.5,40.4,69.3,34,131,,,,,,,,,
43234,2018,,,1372,01477,4JN,F,167,26.8,35.7,65.2,31.5,114,,,,,,,,,
43234,2018,,,1372,01481,4JV,F,171,30.8,39.2,69.7,33.8,103,,,,,,,,,
43234,2018,,,1372,01485,4KC,F,173,27.1,38,66.9,32.1,141,,,,,,,,,
43234,2018,,,1372,01497,4KX,F,,,,,,134,,,,,,,,,
43234,2018,,,1372,01501,4NT,F,,,,,,121,,,,,,,,,
43234,2018,,,1372,01503,4NV,F,,,,,,123,,,,,,,,,
43234,2018,,,1372,01509,4PH,F,,,,,,123,,,,,,,,,
43234,2018,,,1372,01510,4PJ,F,,,,,,135,,,,,,,,,
43234,2018,,,1372,01517,4PU,F,,,,,,119,,,,,,,,,
43234,2018,,,1372,01524,4TH,F,,,,,,112,,,,,,,,,
43234,2018,,,1372,01535,4TY,F,,,,,,123,,,,,,,,,
42865,2017,46.951625,-124.043541,1372,01333,3EY,F,173,25.7,35.3,,,141,yes,,,,,,,,
42865,2017,46.951625,-124.043541,1372,01356,3JU,F,177,26.2,37.7,,,137,Yes,,,,,,,,
42865,2017,46.951625,-124.043541,1372,01360,3KC,F,175,28,38.4,,,135,Yes,,,,,,,,
42865,2017,46.951625,-124.043541,1372,01363,3KK,F,175,26.7,35.1,,,137,yes,,,,,,,,
42865,2017,46.951625,-124.043541,1372,01365,3KM,F,184,28.2,40.5,,,155,Yes,,,,,,,,
42865,2017,46.951625,-124.043541,1372,01368,3KU,F,178,30.2,38.7,,,155,Yes,,,,,,,,
42865,2017,46.951625,-124.043541,1372,01382,2VE,F,176,28,38.1,,,137,,,,,,,,,
42865,2017,46.951625,-124.043541,1372,01393,2VU,F,172,27.5,39.6,,,141,yes,,,,,,,,
42865,2017,46.951625,-124.043541,1372,01231,3LU,F,166,26.8,36.3,,,145,,,,,,,,,
43221,2018,,,1372,01176,3NM,M,170,26.8,36.5,65.3,32.7,117,,,,Y,Y,Y,Y,,
43221,2018,,,1372,01178,3NU,M,166,26,36.4,64,32.8,148,,,,Y,Y,Y,Y,,
43221,2018,,,1372,01183,3PC,M,165,27.3,36.5,65.3,32.3,118,,,,Y,Y,Y,Y,,
43221,2018,,,1372,01186,3PJ,M,172,26.5,36.7,65.6,33.3,124,,,,Y,Y,Y,Y,Recap; replaced worn green flag (7TE) and worn metal band (XXXXX),
43221,2018,,,1372,01184,3PE,M,171,26.3,36.5,64.9,34.7,148,,,,Y,Y,Y,Y,,
43224,2018,,,1372,01188,3PL,M,168,27.6,37,66.7,32.2,102,,,,Y,Y,Y,Y,,
43224,2018,,,1372,01189,3PM,M,165,24.9,33.5,62.7,31.9,113,,,,Y,Y,Y,Y,,
43224,2018,,,1372,01190,3PU,M,173,27.9,37.2,65.8,35.1,115,,,,Y,Y,Y,Y,,
43224,2018,,,1372,01191,3PX,M,168,25,35,64.3,32.7,102,,,,Y,Y,Y,Y,,
43225,2018,,,1372,01193,3TC,M,172,27,36.1,65.3,31.9,126,,,,Y,Y,Y,Y,,
43225,2018,,,1372,01200,3TH,M,169,27.9,36.6,66.7,34.4,116,,,,Y,Y,Y,Y,,
43225,2018,,,1372,01258,3TP,M,171,26.8,36.1,66.4,33.1,128,,,,Y,Y,Y,Y,,
43225,2018,,,1372,01259,3TU,M,176,27.2,37.2,66.5,34.2,128,,,,Y,Y,Y,Y,,
43225,2018,,,1372,01260,3TY,M,172,27.7,37.7,66.8,33.2,121,,,,Y,Y,Y,Y,,
43225,2018,,,1372,01263,3UH,M,171,27.3,36.8,65.4,33.6,133,,,,Y,Y,Y,Y,,
43225,2018,,,1372,01264,3UJ,M,171,25.1,35,64,33.9,103,,,,Y,Y,Y,Y,tip of right middle phlange missing,
43234,2018,,,1372,01300,3UU,M,168,24.7,34.1,63.5,31.1,121,,,,,,,,,
43234,2018,,,1372,01298,3UX,M,,23.8,33.8,62.2,29.8,129,,,,,,,,,
43234,2018,,,1372,01295,3VK,M,170,27.2,36.3,64.5,33.2,115,,,,,,,,,
43234,2018,,,1372,01292,3VL,M,170,25.9,34.9,63.6,31.2,90,,,,,,,,,
43234,2018,,,1372,01290,3VU,M,164,28.5,36.7,66.6,34.8,96,,,,,,,,,
43234,2018,,,1372,01283,3XH,M,171,27,37,66.6,32.1,105,,,,,,,,,
43234,2018,,,1372,01281,3XK,M,165,24.4,33.8,63.1,34.6,126,,,,,,,,,
43234,2018,,,1372,01280,3XL,M,168,27.4,37.1,65.8,32.1,115,,,,,,,,,
43234,2018,,,1372,01278,3XP,M,161,26.1,36.4,64.4,34.4,127,,,,,,,,,
43234,2018,,,1372,01274,3XY,M,162,26.9,37.8,66.8,33.4,132,,,,,,,,,
43234,2018,,,1372,01271,3YE,M,172,26.7,36.2,65.7,33.1,126,,,,,,,,,
43234,2018,,,1372,01410,4AE,M,168,27.9,36.7,66.6,34.8,114,,,,,,,,,
43234,2018,,,1372,01414,4AL,M,156,23,32.9,60.5,32,104,,,,,,,,,
43234,2018,,,1372,01415,4AM,M,158,24.2,34.1,63.1,32.6,117,,,,,,,,,
43234,2018,,,1372,01419,4AU,M,167,26.4,35.7,64.7,32.9,114,,,,,,,,,
43234,2018,,,1372,01423,4CA,M,166,27.8,36.6,65.9,35.5,129,,,,,,,,,
43234,2018,,,1372,01424,4CC,M,161,23.7,34,61.7,32.5,112,,,,,,,,,
43234,2018,,,1372,01425,4CE,M,172,25.4,35.7,63.9,34.5,102,,,,,,,,,
43234,2018,,,1372,01426,4CH,M,173,27.2,36.5,65.7,34.1,120,,,,,,,,,
43234,2018,,,1372,01428,4CK,M,168,24.3,33.2,62.5,31.9,120,,,,,,,,,
43234,2018,,,1372,01429,4CL,M,166,26.8,37.1,65.7,34.5,113,,,,,,,,,
43234,2018,,,1372,01433,4CT,M,172,23.4,32.4,61.5,32.3,105,,,,,,,,,
43234,2018,,,1372,01434,4CU,M,171,26.5,36.2,65.6,33.5,121,,,,,,,,,
43234,2018,,,1372,01442,4EH,M,174,27.1,37.6,66.9,33.2,116,,,,,,,,,
43234,2018,,,1372,01452,4EX,M,170,27.7,36.9,66.2,32.7,117,,,,,,,,,
43234,2018,,,1372,01454,4HA,M,171,23.9,34.6,62.3,32.3,116,,,,,,,,,
43234,2018,,,1372,01455,4HC,M,171,25.1,35.4,63.8,32,119,,,,,,,,,
43234,2018,,,1372,01457,4HH,M,169,26.1,35.2,63.6,33.9,116,,,,,,,,,
43234,2018,,,1372,01461,4HM,M,169,26.3,36.4,65.4,34.4,116,,,,,,,,,
43234,2018,,,1372,01468,4HY,M,164,23.4,32.7,60.8,32.7,110,,,,,,,,,
43234,2018,,,1372,01470,4JC,M,170,26,35.4,64.1,33.2,98,,,,,,,,,
43234,2018,,,1372,01480,4JU,M,171,26,35.3,64.5,31.3,112,,,,,,,,,
43234,2018,,,1372,01483,4JY,M,168,24.8,34.7,62.6,30.3,118,,,,,,,,,
43234,2018,,,1372,01487,4KH,M,166,26.8,36.2,64.7,32.5,112,,,,,,,,,
43234,2018,,,1372,01507,4PC,M,,,,,,108,,,,,,,,,
43234,2018,,,1372,01512,4PL,M,,,,,,121,,,,,,,,,
43234,2018,,,1372,01514,4PN,M,,,,,,117,,,,,,,,,
43234,2018,,,1372,01521,4TA,M,,,,,,104,,,,,,,,,
43234,2018,,,1372,01526,4TK,M,,,,,,100,,,,,,,,,
43234,2018,,,1372,01530,4TP,M,,,,,,99,,,,,,,,,
43234,2018,,,1372,01539,4UH,M,,,,,,117,,,,,,,,,
43234,2018,,,1372,01545,4UP,M,,,,,,113,,,,,,,,,
42865,2017,46.951625,-124.043541,1372,01334,3HC,M,172,25.7,36.4,,,115,,,,,,,,,
42865,2017,46.951625,-124.043541,,,JL,M,,,,,,117,,,,,,,,,
43225,2018,,,1372,01255,3TK,,176,28.9,39,68,33.4,145,,,,Y,N,Y,Y,,
43225,2018,,,1372,01266,3UL,,183,30,40.3,69.7,36,125,,,,Y,N,Y,Y,,
43234,2018,,,1372,01299,3UV,,,26.9,35.2,64.1,32.6,92,,,,,,,,,
43234,2018,,,1372,01291,3VM,,165,27.4,37.6,66.6,33.3,117,,,,,,,,,
43234,2018,,,1372,01289,3VV,,168,28,38.1,68.2,34.5,100,,,,,,,,,
43234,2018,,,1372,01286,3XA,,170,26.6,37.4,67,33.5,114,,,,,,,,,
43234,2018,,,1372,01282,3XJ,,170,28.3,38.9,68.1,34.8,116,,,,,,,,,
43234,2018,,,1372,01279,3XM,,169,25.2,34.8,64.1,32.2,113,,,,,,,,,
43234,2018,,,1372,01277,3XU,,171,26.5,38.1,66.7,33.4,126,,,,,,,,,
43234,2018,,,1372,01272,3YC,,172,29.5,40.2,69.3,35,117,,,,,,,,,
43234,2018,,,1372,01269,3HJ,,178,27.7,37.1,65.5,33,113,,,,,,,,,
43234,2018,,,1372,01268,3YK,,166,29.5,39,68.2,32.5,130,,,,,,,,,
43234,2018,,,1372,01402,3YM,,173,28,37.4,65.5,33,122,,,,,,,,,
43234,2018,,,1372,01404,3YU,,170,28.2,38.8,67.5,32.8,109,,,,,,,,,
43234,2018,,,1372,01405,3YV,,168,26.4,35.9,64.2,33.1,121,,,,,,,,,
43234,2018,,,1372,01409,4AC,,166,25.8,35.8,64.5,32.3,104,,,,,,,,,
43234,2018,,,1372,01411,4AH,,168,27.4,37.4,66.2,33.6,97,,,,,,,,,
43234,2018,,,1372,01412,4AJ,,174,27.9,38.4,67.7,32.2,132,,,,,,,,,
43234,2018,,,1372,01413,4AK,,166,24.6,35.3,64,33.4,122,,,,,,,,,
43234,2018,,,1372,01416,4AN,,177,27.4,36.4,66.2,34.1,116,,,,,,,,,
43234,2018,,,1372,01418,4AT,,167,24.7,33.9,63.3,31.3,111,,,,,,,,,
43234,2018,,,1372,01420,4AV,,171,26.3,35.2,63.5,32.6,112,,,,,,,,,
43234,2018,,,1372,01421,4AX,,172,26.8,35.6,66.2,33.6,101,,,,,,,,,
43234,2018,,,1232,42461,JY,,,,,,,119,,,,,,,,Recap; green flag,
43234,2018,,,1372,01427,4CJ,,172,27.3,37.2,66.4,34.6,102,,,,,,,,,
43234,2018,,,1372,01430,4CM,,165,24.3,34,63.4,33.7,107,,,,,,,,,
43234,2018,,,1372,01432,4CP,,169,26.3,35.9,65.4,33.7,113,,,,,,,,,
43234,2018,,,1372,01435,4CV,,166,23.9,34.5,62.9,32.4,104,,,,,,,,,
43234,2018,,,1372,01436,4CX,,172,27.4,35.8,65.7,33.1,119,,,,,,,,,
43234,2018,,,1372,01439,4EC,,173,28.6,39.9,68.9,34.5,119,,,,,,,,,
43234,2018,,,1372,01443,4EJ,,171,28,38.4,67.5,31.6,122,,,,,,,,,
43234,2018,,,1372,01444,4EK,,167,25.5,34.5,63.5,33.1,114,,,,,,,,,
43234,2018,,,1372,01448,4EP,,171,28.6,38.1,68.2,35.5,122,,,,,,,,,
43234,2018,,,1372,01449,4ET,,162,23.6,33.3,61.9,31.1,105,,,,,,,,,
43234,2018,,,1372,01451,4EV,,174,26.1,35.7,64.5,32.5,118,,,,,,,,,
43234,2018,,,1372,01458,4HJ,,169,27.3,36.9,65.9,35,98,,,,,,,,tip of bill scraped,
43234,2018,,,1372,01459,4HK,,176,27,35.9,65.4,33.4,122,,,,,,,,,
43234,2018,,,1372,01460,4HL,,168,25.7,34.3,64,32.9,122,,,,,,,,,
43234,2018,,,1372,01462,4HN,,166,25.4,34.6,63.8,31.9,114,,,,,,,,,
43234,2018,,,1372,01463,4HP,,172,26.1,36.1,65.8,34,122,,,,,,,,,
43234,2018,,,1372,01466,4HV,,173,27.9,38,67.8,35,103,,,,,,,,,
43234,2018,,,1372,01467,4HX,,173,28.1,38.6,67.3,34,119,,,,,,,,,
43234,2018,,,1372,01469,4JA,,175,30,40.8,70.2,36.2,126,,,,,,,,,
43234,2018,,,1372,01471,4JE,,173,26.5,35.1,64.6,31.9,99,,,,,,,,,
43234,2018,,,1372,01472,4JH,,181,28.1,38,67.2,36,109,,,,,,,,,
43234,2018,,,1372,01474,4JK,,168,25.3,35.3,63.8,32.6,128,,,,,,,,,
43234,2018,,,1372,01478,4JP,,180,28.8,37.4,68.3,33.8,125,,,,,,,,,
43234,2018,,,1372,01479,4JT,,171,27.7,36.7,65.1,33.1,109,,,,,,,,,
43234,2018,,,1372,01482,4JX,,171,28.2,38,67.7,33.5,105,,,,,,,,,
43234,2018,,,1372,01484,4KA,,180,28.5,37.7,67.7,33.2,126,,,,,,,,,
43234,2018,,,1372,01486,4KE,,164,25.8,35.4,64.9,35,119,,,,,,,,,
43234,2018,,,1372,01488,4KJ,,,,,,,121,,,,,,,,,
43234,2018,,,1372,01489,4KK,,,,,,,96,,,,,,,,,
43234,2018,,,1372,01490,4KL,,,,,,,121,,,,,,,,,
43234,2018,,,1372,01491,4KM,,,,,,,116,,,,,,,,,
43234,2018,,,,,CJ,,,,,,,126,,,,,,,,recap;,
43234,2018,,,1372,01492,4KN,,,,,,,107,,,,,,,,,
43234,2018,,,1372,01493,4KP,,,,,,,119,,,,,,,,,
43234,2018,,,1372,01494,4KT,,,,,,,105,,,,,,,,,
43234,2018,,,1372,01495,4KU,,,,,,,130,,,,,,,,,
43234,2018,,,1372,01496,4KV,,,,,,,110,,,,,,,,,
43234,2018,,,1372,01498,4KY,,,,,,,124,,,,,,,,,
43234,2018,,,1372,01499,4LA,,,,,,,127,,,,,,,,,
43234,2018,,,1372,01500,4LC,,,,,,,127,,,,,,,,,
43234,2018,,,1372,01601,4LE,,,,,,,119,,,,,,,,,
43234,2018,,,1372,01602,4LH,,,,,,,124,,,,,,,,,
43234,2018,,,1372,01603,4LJ,,,,,,,118,,,,,,,,,
43234,2018,,,1372,01604,4LK,,,,,,,91,,,,,,,,,
43234,2018,,,1372,01605,4LL,,,,,,,109,,,,,,,,,
43234,2018,,,1372,01606,4LM,,,,,,,117,,,,,,,,,
43234,2018,,,1372,01609,4LT,,,,,,,116,,,,,,,,,
43234,2018,,,1372,01610,4LU,,,,,,,122,,,,,,,,,
43234,2018,,,1372,01611,4LV,,,,,,,140,,,,,,,,,
43234,2018,,,1372,01440,4LX,,,,,,,143,,,,,,,,found and used a missing band,
43234,2018,,,1372,01612,4LY,,,,,,,133,,,,,,,,,
43234,2018,,,1372,01613,4MA,,,,,,,122,,,,,,,,,
43234,2018,,,1372,01614,4MC,,,,,,,106,,,,,,,,,
43234,2018,,,1372,01615,4ME,,,,,,,135,,,,,,,,,
43234,2018,,,1372,01616,4MH,,,,,,,114,,,,,,,,,
43234,2018,,,1372,01617,4MJ,,,,,,,120,,,,,,,,,
43234,2018,,,1372,01618,4MK,,,,,,,106,,,,,,,,,
43234,2018,,,1372,01619,4ML,,,,,,,124,,,,,,,,,
43234,2018,,,1372,01620,4MM,,,,,,,122,,,,,,,,,
43234,2018,,,1372,01621,4MN,,,,,,,111,,,,,,,,,
43234,2018,,,1372,01622,4MP,,,,,,,143,,,,,,,,,
43234,2018,,,1372,01623,4MT,,,,,,,133,,,,,,,,,
43234,2018,,,1372,01502,4NU,,,,,,,120,,,,,,,,,
43234,2018,,,1372,01504,4NX,,,,,,,104,,,,,,,,,
43234,2018,,,1372,01505,4NY,,,,,,,119,,,,,,,,,
43234,2018,,,1372,01506,4PA,,,,,,,123,,,,,,,,,
43234,2018,,,1372,01508,4PE,,,,,,,114,,,,,,,,,
43234,2018,,,1372,01511,4PK,,,,,,,132,,,,,,,,,
43234,2018,,,1372,01513,4PM,,,,,,,122,,,,,,,,,
43234,2018,,,1372,01515,4PP,,,,,,,118,,,,,,,,,
43234,2018,,,1372,01516,4PT,,,,,,,97,,,,,,,,,
43234,2018,,,1372,01518,4PV,,,,,,,105,,,,,,,,,
43234,2018,,,1372,01519,4PX,,,,,,,122,,,,,,,,,
43234,2018,,,1372,01520,4PY,,,,,,,118,,,,,,,,,
43234,2018,,,1372,01522,4TC,,,,,,,126,,,,,,,,,
43234,2018,,,1372,01523,4TE,,,,,,,110,,,,,,,,,
43234,2018,,,1372,01525,4TJ,,,,,,,118,,,,,,,,,
43234,2018,,,1372,01527,4TL,,,,,,,102,,,,,,,,,
43234,2018,,,1372,01528,4TM,,,,,,,94,,,,,,,,,
43234,2018,,,1372,01529,4TN,,,,,,,136,,,,,,,,,
43234,2018,,,1372,01531,4TT,,,,,,,114,,,,,,,,,
43234,2018,,,1372,01532,4TU,,,,,,,102,,,,,,,,,
43234,2018,,,1372,01533,4TV,,,,,,,96,,,,,,,,,
43234,2018,,,1372,01534,4TX,,,,,,,95,,,,,,,,,
43234,2018,,,1372,01536,4UA,,,,,,,118,,,,,,,,,
43234,2018,,,1372,01537,4UC,,,,,,,87,,,,,,,,,
43234,2018,,,1372,01538,4UE,,,,,,,119,,,,,,,,,
43234,2018,,,1372,01540,4UJ,,,,,,,103,,,,,,,,,
43234,2018,,,1372,01541,4UK,,,,,,,123,,,,,,,,,
43234,2018,,,1372,01542,4UL,,,,,,,119,,,,,,,,,
43234,2018,,,1372,01543,4UM,,,,,,,112,,,,,,,,,
43234,2018,,,1372,01544,4UN,,,,,,,118,,,,,,,,,
43234,2018,,,1372,01546,4UT,,,,,,,105,,,,,,,,,
42865,2017,46.951625,-124.043541,1372,01318,3CN,,185,29,39.2,,,155,yes,,,,,,,,
42865,2017,46.951625,-124.043541,1372,01320,3CT,,168,28,37.7,,,117,,,,,,,,,
42865,2017,46.951625,-124.043541,1372,01322,3CY,,170,24.8,33.8,,,135,,,,,,,,,
42865,2017,46.951625,-124.043541,1372,01321,3EE,,176,27.9,36.6,,,125,,,,,,,,,
42865,2017,46.951625,-124.043541,1372,01323,3EC,,168,26.1,35.2,,,121,,,,,,,,,
42865,2017,46.951625,-124.043541,1372,01324,3EH,,165,28.9,40.5,,,137,,,,,,,,,
42865,2017,46.951625,-124.043541,1372,01325,3EJ,,172,27.1,37.1,,,112,,,,,,,,,
42865,2017,46.951625,-124.043541,1372,01326,3EK,,170,26.2,36.1,,,141,,,,,,,,,
42865,2017,46.951625,-124.043541,1372,01327,3EM,,171,27.3,36.7,,,139,,,,,,,,,
42865,2017,46.951625,-124.043541,1372,01328,3EL,,172,25.9,36.3,,,141,,,,,,,,,
42865,2017,46.951625,-124.043541,1372,01329,3EN,,175,26.8,36.2,,,117,,,,,,,,,
42865,2017,46.951625,-124.043541,1372,01330,3EP,,172,25.4,33.8,,,119,,,,,,,,,
42865,2017,46.951625,-124.043541,1372,01331,3EU,,176,22.2,34.8,,,117,,,,,,,,,
42865,2017,46.951625,-124.043541,1372,01332,3EV,,174,23.4,34.3,,,117,,,,,,,,,
42865,2017,46.951625,-124.043541,1372,01335,3HE,,166,28.2,37.7,,,131,,,,,,,,,
42865,2017,46.951625,-124.043541,1372,01336,3HH,,180,29.9,39.5,,,125,,,,,,,,,
42865,2017,46.951625,-124.043541,1372,01337,3HJ,,170,28.2,39.5,,,139,,,,,,,,,
42865,2017,46.951625,-124.043541,1372,01338,3HK,,168,26.5,34.9,,,133,,,,,,,,,
42865,2017,46.951625,-124.043541,1372,01339,3HL,,169,27.2,35.1,,,119,,,,,,,,,
42865,2017,46.951625,-124.043541,1372,01340,3HM,,172,24.3,36.8,,,123,,,,,,,,,
42865,2017,46.951625,-124.043541,1372,01341,3HN,,175,29.1,39.5,,,121,,,,,,,,,
42865,2017,46.951625,-124.043541,1372,01343,3HT,,172,25.4,35.9,,,135,,,,,,,,,
42865,2017,46.951625,-124.043541,1372,01344,3HU,,171,25.2,33.7,,,113,,,,,,,,,
42865,2017,46.951625,-124.043541,1372,01345,3HV,,166,22.9,32.3,,,115,,,,,,,,,
42865,2017,46.951625,-124.043541,1372,01346,3HX,,173,24.6,34.5,,,119,,,,,,,,,
42865,2017,46.951625,-124.043541,1372,01347,3HY,,171,25.2,33.5,,,114,,,,,,,,,
42865,2017,46.951625,-124.043541,1372,01349,3JE,,172,25.5,35.9,,,119,,,,,,,,,
42865,2017,46.951625,-124.043541,1372,01351,3JJ,,168,24.8,33.6,,,115,,,,,,,,,
42865,2017,46.951625,-124.043541,1372,01352,3JK,,174,28.9,39.7,,,117,,,,,,,,,
42865,2017,46.951625,-124.043541,1372,01353,3JL,,174,29,37,,,129,,,,,,,,,
42865,2017,46.951625,-124.043541,1372,01354,3JM,,177,26,35.9,,,121,,,,,,,,,
42865,2017,46.951625,-124.043541,1372,01355,3JT,,170,25.9,34.7,,,117,,,,,,,,,
42865,2017,46.951625,-124.043541,1372,01357,3JX,,176,29,37.9,,,131,,,,,,,,,
42865,2017,46.951625,-124.043541,1372,01358,3JY,,170,26.6,35.1,,,122,,,,,,,,,
42865,2017,46.951625,-124.043541,1372,01361,3KE,,170,26.2,38.4,,,127,,,,,,,,,
42865,2017,46.951625,-124.043541,1372,01362,3KJ,,170,26.5,36.4,,,115,,,,,,,,,
42865,2017,46.951625,-124.043541,1372,01364,3KL,,169,26.9,35.8,,,127,,,,,,,,,
42865,2017,46.951625,-124.043541,1372,01366,3KP,,172,27,38.8,,,133,,,,,,,,,
42865,2017,46.951625,-124.043541,1372,01367,3KT,,171,25.1,34.6,,,127,,,,,,,,,
42865,2017,46.951625,-124.043541,1372,01369,3KX,,155,25.8,34.5,,,111,,,,,,,,,
42865,2017,46.951625,-124.043541,1372,01370,3KY,,168,27.1,36.2,,,137,,,,,,,,,
42865,2017,46.951625,-124.043541,1372,01371,2UJ,,176,27.6,37.1,,,121,,,,,,,,,
42865,2017,46.951625,-124.043541,1372,01372,2UK,,176,28.9,38.9,,,137,,,,,,,,,
42865,2017,46.951625,-124.043541,1372,01373,2UL,,165,25.8,33.9,,,123,,,,,,,,,
42865,2017,46.951625,-124.043541,1372,01374,2UM,,170,25.6,36.4,,,117,,,,,,,,,
42865,2017,46.951625,-124.043541,1372,01375,2UN,,172,26.9,36.1,,,117,,,,,,,,,
42865,2017,46.951625,-124.043541,1372,01376,2UP,,180,30.1,39.2,,,121,,,,,,,,,
42865,2017,46.951625,-124.043541,1372,01377,2UT,,172,27,36,,,113,,,,,,,,,
42865,2017,46.951625,-124.043541,1372,01379,2UX,,155,24.6,32.8,,,115,,,,,,,,,
42865,2017,46.951625,-124.043541,1372,01380,2UY,,176,25.9,35.9,,,,,,,,,,,,
42865,2017,46.951625,-124.043541,1372,01381,2VC,,176,25.2,36,,,125,,,,,,,,,
42865,2017,46.951625,-124.043541,1372,01383,2VH,,170,25.4,33.1,,,127,,,,,,,,,
42865,2017,46.951625,-124.043541,1372,01384,230,,,28.3,37,,,113,,,,,,,,,
42865,2017,46.951625,-124.043541,1372,01385,2VJ,,170,24.3,35.9,,,117,,,,,,,,,
42865,2017,46.951625,-124.043541,1372,01387,2VK,,170,26.9,36.1,,,115,,,,,,,,,
42865,2017,46.951625,-124.043541,,,AE,,,,,,,131,,,,,,,,,
42865,2017,46.951625,-124.043541,1372,01388,2VL,,172,26.5,36.1,,,113,,,,,,,,,
42865,2017,46.951625,-124.043541,1372,01390,2VN,,172,29,38.2,,,121,,,,,,,,,
42865,2017,46.951625,-124.043541,1372,01391,2VP,,170,26.1,37.9,,,121,,,,,,,,,
42865,2017,46.951625,-124.043541,1372,01392,2VT,,170,26.8,36.1,,,107,,,,,,,,,
42865,2017,46.951625,-124.043541,1372,01394,2VV,,176,29,40,,,119,,,,,,,,,
42865,2017,46.951625,-124.043541,1372,01396,2VY,,162,25.1,34.1,,,121,,,,,,,,,
42865,2017,46.951625,-124.043541,1372,01397,2YC,,168,25.6,34.4,,,123,,,,,,,,,
42865,2017,46.951625,-124.043541,1372,01398,2YE,,176,26.4,37.8,,,127,,,,,,,,,
42865,2017,46.951625,-124.043541,1372,01399,2YH,,168,27.7,36.8,,,113,,,,,,,,,
42865,2017,46.951625,-124.043541,1372,01400,2YJ,,162,21.2,30.8,,,117,,,,,,,,,
42865,2017,46.951625,-124.043541,1372,01195,2YK,,166,26.1,35.2,,,115,,,,,,,,,
42865,2017,46.951625,-124.043541,1372,01173,2YL,,165,26,35,,,107,,,,,,,,,
42865,2017,46.951625,-124.043541,1372,01174,2YM,,175,29.4,39.4,,,121,,,,,,,,,
42865,2017,46.951625,-124.043541,1372,01175,2YN,,168,26.6,36.8,,,107,,,,,,,,,
42865,2017,46.951625,-124.043541,1372,01202,2YU,,168,23.5,32.9,,,115,,,,,,,,,
42865,2017,46.951625,-124.043541,1372,01203,2XY,,166,26.3,36.6,,,117,,,,,,,,,
42865,2017,46.951625,-124.043541,1372,01204,2XX,,170,26.1,35.9,,,127,,,,,,,,,
42865,2017,46.951625,-124.043541,1372,01205,2YV,,168,25.9,34.6,,,109,,,,,,,,,
42865,2017,46.951625,-124.043541,1372,01206,2YX,,166,28.2,39.2,,,117,,,,,,,,,
42865,2017,46.951625,-124.043541,1372,01207,2YY,,170,26.1,36.9,,,127,,,,,,,,,
42865,2017,46.951625,-124.043541,1372,01210,2XE,,156,26.7,34.1,,,115,,,,,,,,,
42865,2017,46.951625,-124.043541,1372,01211,2XH,,174,28.5,38,,,127,,,,,,,,,
42865,2017,46.951625,-124.043541,1372,01212,398,,,,,,,135,,,,,,,,,
42865,2017,46.951625,-124.043541,1372,01213,2XK,,172,23.8,35,,,112,,,,,,,,,
42865,2017,46.951625,-124.043541,1372,01215,2XL,,168,27.6,38.8,,,119,,,,,,,,,
42865,2017,46.951625,-124.043541,1372,01216,2XM,,168,28,38.6,,,129,,,,,,,,,
42865,2017,46.951625,-124.043541,1372,01217,2XN,,175,28.4,39.5,,,139,yes,,,,,,,,
42865,2017,46.951625,-124.043541,1372,01218,2XP,,170,25.1,31.9,,,121,,,,,,,,,
42865,2017,46.951625,-124.043541,1372,01219,2XT,,172,26.1,35.5,,,121,,,,,,,,,
42865,2017,46.951625,-124.043541,1372,01220,2XU,,165,23.1,32.9,,,115,,,,,,,,,
42865,2017,46.951625,-124.043541,1372,01221,3LA,,170,22.5,32.9,,,111,,,,,,,,,
42865,2017,46.951625,-124.043541,1372,01222,3LC,,174,25.3,35.1,,,112,,,,,,,,,
42865,2017,46.951625,-124.043541,1372,01223,3LE,,166,25.1,35.1,,,117,,,,,,,,,
42865,2017,46.951625,-124.043541,1372,01224,3LH,,168,25.2,35.2,,,113,,,,,,,,,
42865,2017,46.951625,-124.043541,,,7VJ,,,,,,,97,,,,,,,,,
42865,2017,46.951625,-124.043541,1372,01225,3LT,,175,29.6,41.6,,,117,,,,,,,,,
42865,2017,46.951625,-124.043541,1372,01226,3LK,,174,27.4,37.6,,,113,,,,,,,,,
42865,2017,46.951625,-124.043541,1372,01227,3LL,,175,27.1,37.1,,,121,,,,,,,,,
42865,2017,46.951625,-124.043541,1372,01228,3LM,,172,25.8,33.2,,,135,,,,,,,,,
42865,2017,46.951625,-124.043541,1372,01229,3LP,,165,26.9,36.6,,,112,,,,,,,,,
42865,2017,46.951625,-124.043541,1372,01230,3LT,,175,25.3,35.9,,,117,,,,,,,,,
42865,2017,46.951625,-124.043541,1372,01233,3LY,,170,22.4,35.2,,,101,,,,,,,,,
42865,2017,46.951625,-124.043541,1372,01234,3MA,,173,26.4,35.8,,,125,,,,,,,,,
42865,2017,46.951625,-124.043541,1372,01235,3MC,,168,26.7,37.7,,,116,,,,,,,,,
42865,2017,46.951625,-124.043541,1372,01236,3MH,,168,23.6,32.6,,,117,,,,,,,,,
42865,2017,46.951625,-124.043541,1372,01237,619,,,,,,,127,Yes,,,,,,,,
42865,2017,46.951625,-124.043541,1372,01238,3MJ,,166,26,34.5,,,101,,,,,,,,,
42865,2017,46.951625,-124.043541,1372,01239,3MK,,170,28,37.6,,,127,,,,,,,,,
42865,2017,46.951625,-124.043541,1372,01240,3ML,,173,26.1,35.2,,,131,,,,,,,,,
42865,2017,46.951625,-124.043541,1372,01241,3MM,,167,24,33,,,117,,,,,,,,,
42865,2017,46.951625,-124.043541,1372,01242,3MP,,170,26.8,34.3,,,113,,,,,,,,,
42865,2017,46.951625,-124.043541,1372,01243,3MT,,176,27.4,38.5,,,111,,,,,,,,,
42865,2017,46.951625,-124.043541,1372,01244,3MU,,162,25,32.1,,,117,,,,,,,,,
42865,2017,46.951625,-124.043541,1372,01245,3MV,,169,29.8,38.7,,,127,,,,,,,,,
42865,2017,46.951625,-124.043541,1372,01247,3MY,,170,25.8,34.5,,,109,,,,,,,,,
42865,2017,46.951625,-124.043541,1372,01248,3NA,,173,27.2,36.9,,,121,,,,,,,,,
42865,2017,46.951625,-124.043541,1372,01249,3NC,,174,25.8,36.9,,,125,,,,,,,,,
42865,2017,46.951625,-124.043541,1372,01250,3NE,,165,25.1,34.3,,,123,,,,,,,,,
42865,2017,46.951625,-124.043541,1372,01251,3NH,,175,27.4,37.4,,,121,,,,,,,,,
42865,2017,46.951625,-124.043541,1372,01252,3NJ,,176,27.2,36.2,,,115,,,,,,,,,
42865,2017,46.951625,-124.043541,1372,01253,3NL,,172,24,35.1,,,121,,,,,,,,,
